{"accuracy": [0.02792937308549881, 0.04012840986251831, 0.03242375701665878, 0.039165329188108444, 0.041733548045158386, 0.058105938136577606, 0.07704655081033707, 0.11332263052463531, 0.15088282525539398, 0.20642054080963135, 0.25810593366622925, 0.3181380331516266, 0.3727126717567444, 0.419261634349823, 0.4975923001766205, 0.553130030632019, 0.614446222782135, 0.6513643860816956, 0.6886035203933716, 0.7171749472618103, 0.7589085102081299, 0.775922954082489, 0.8009631037712097, 0.8006420731544495, 0.8189406394958496, 0.8170144557952881, 0.8439807295799255, 0.8590690493583679, 0.8587480187416077, 0.8706260323524475, 0.8850722312927246, 0.8886035084724426], "loss": [6.142307281494141, 3.5760445594787598, 3.574605941772461, 3.5547709465026855, 3.545593738555908, 3.5084128379821777, 3.420271396636963, 3.3144588470458984, 3.123521566390991, 2.942878246307373, 2.7346031665802, 2.4611644744873047, 2.2709126472473145, 2.0786805152893066, 1.7818503379821777, 1.6470370292663574, 1.3812848329544067, 1.3123106956481934, 1.133888840675354, 1.044119119644165, 0.8841325640678406, 0.8136134147644043, 0.7273123860359192, 0.7410001754760742, 0.6784394383430481, 0.6968196034431458, 0.5793212652206421, 0.5118989944458008, 0.5257994532585144, 0.46957311034202576, 0.4247263967990875, 0.4230900704860687], "val_accuracy": [0.05013927444815636, 0.033426184207201004, 0.04735375940799713, 0.05849582329392433, 0.04735375940799713, 0.11142061650753021, 0.16713091731071472, 0.2423398345708847, 0.2841225564479828, 0.3509749174118042, 0.4066852331161499, 0.5013927817344666, 0.515320360660553, 0.573816180229187, 0.6490250825881958, 0.6378830075263977, 0.7186629772186279, 0.7130919098854065, 0.7660167217254639, 0.7660167217254639, 0.8384401202201843, 0.8328690528869629, 0.8551532030105591, 0.8635097742080688, 0.8885793685913086, 0.835654616355896, 0.8746517896652222, 0.89415043592453, 0.8885793685913086, 0.8997214436531067, 0.89415043592453, 0.8718662858009338], "val_loss": [3.5798721313476562, 3.575897455215454, 3.5493221282958984, 3.532208204269409, 3.531724452972412, 3.3076868057250977, 3.1619458198547363, 2.947314977645874, 2.7975306510925293, 2.5618607997894287, 2.208137273788452, 1.8829282522201538, 1.913023829460144, 1.6309303045272827, 1.4802342653274536, 1.5524076223373413, 1.2057950496673584, 1.2298351526260376, 1.0143070220947266, 1.0024349689483643, 0.7921655178070068, 0.7902694344520569, 0.7965267896652222, 0.6573232412338257, 0.6307318210601807, 0.8860668540000916, 0.710338830947876, 0.7473894357681274, 0.7035142183303833, 0.6785778999328613, 0.6601724624633789, 0.7631502747535706]}